"x","z","t",
100.6198,56.2434,0,
100.6318,58.5163,0.067,
100.5572,60.5379,0.133,
100.6662,62.7294,0.2,
100.6389,64.9471,0.275,
100.6631,67.0538,0.352,
100.5969,69.1721,0.401,
100.5905,71.3751,0.466,
100.6565,73.3444,0.534,
100.6398,75.4501,0.6,
100.6115,77.6691,0.673,
100.6244,79.5735,0.733,
100.6471,81.4966,0.807,
100.597,83.56,0.868,
100.5888,85.6612,0.933,
100.6645,87.8333,1,
100.6877,89.7922,1.068,
100.7962,91.9265,1.134,
100.8011,94.0359,1.2,
100.8398,95.8973,1.276,
100.8862,97.9845,1.34,
100.8818,100.2016,1.4,
100.8666,102.2278,1.467,
100.9371,104.3221,1.533,
100.9779,106.3413,1.601,
100.9718,108.4149,1.667,
101.0392,110.4723,1.733,
101.164,112.6003,1.8,
101.237,114.7211,1.867,
101.3052,116.8833,1.933,
101.3546,118.9635,2,
101.4206,121.1517,2.067,
101.4481,123.1488,2.133,
101.5028,125.2285,2.2,
101.5525,127.3336,2.267,
101.5856,129.4354,2.334,
101.5849,131.5845,2.414,
101.5719,133.6673,2.483,
101.7072,135.8565,2.533,
101.6577,137.9293,2.6,
101.7675,139.9787,2.667,
101.8804,142.0901,2.733,
101.899,144.253,2.803,
102.0146,146.3373,2.871,
101.9471,148.4073,2.933,
102.0463,150.4612,3,
102.0724,152.6924,3.067,
102.124,154.7777,3.133,
102.1377,156.9787,3.209,
102.3044,159.1086,3.28,
102.2371,161.1377,3.344,
102.2065,163.4233,3.418,
102.3488,165.7577,3.477,
102.3127,167.7756,3.533,
102.4103,169.8617,3.619,
102.3931,172.1287,3.672,
102.4304,174.2627,3.733,
102.4978,176.4393,3.8,
102.4279,178.6566,3.867,
102.4728,180.8808,3.934,
102.4427,183.0192,4,
102.4775,185.1562,4.067,
102.4584,187.5009,4.133,
102.3908,189.6231,4.214,
102.3865,191.7863,4.267,
102.3902,194.0286,4.333,
102.4535,196.2724,4.4,
102.4089,198.3839,4.467,
102.4712,200.6603,4.533,
102.3566,202.7457,4.602,
102.4032,204.929,4.667,
102.3819,207.1534,4.733,
102.3749,209.313,4.807,
102.3719,211.5437,4.867,
102.3794,213.6506,4.933,
102.3611,215.8463,5,
102.3646,218.1084,5.067,
102.3023,220.1833,5.133,
102.3675,222.3684,5.2,
102.2734,224.5274,5.267,
102.3599,226.7924,5.333,
102.2723,228.8327,5.4,
102.2648,231.0477,5.467,
102.326,233.2005,5.539,
102.2764,235.4418,5.608,
102.2787,237.4377,5.67,
102.3089,239.7367,5.733,
102.3382,241.9846,5.8,
102.3303,244.157,5.867,
102.3223,246.3192,5.94,
102.3084,248.5401,6.009,
102.3291,250.7821,6.067,
102.2779,253.0153,6.136,
102.3397,255.1915,6.204,
102.3609,257.4176,6.267,
102.2827,259.6635,6.347,
102.3122,261.9566,6.415,
102.325,264.0938,6.468,
102.3186,266.4855,6.533,
102.369,268.4534,6.6,
102.3258,270.8113,6.667,
102.3143,273.0744,6.742,
102.3361,275.3669,6.8,
102.4,277.4232,6.867,
102.3087,279.6381,6.935,
102.2945,281.9563,7,
102.35,284.1036,7.067,
102.2566,286.3108,7.135,
102.2826,288.3951,7.2,
102.3162,290.6476,7.267,
102.3661,292.8876,7.333,
102.3418,295.0375,7.4,
102.3773,297.1401,7.467,
102.3911,299.5052,7.533,
102.3643,301.7548,7.6,
102.4058,303.9266,7.667,
102.3455,306.1481,7.733,
102.3791,308.4032,7.8,
102.4063,310.5081,7.867,
102.4696,312.7035,7.933,
102.453,315.115,8,
102.4828,317.3059,8.067,
102.4494,319.4784,8.133,
102.5153,321.7926,8.2,
102.5085,324.1156,8.267,
102.5184,326.357,8.333,
102.4996,328.4624,8.4,
102.5739,330.7765,8.467,
102.5611,332.9734,8.539,
102.6248,335.2838,8.605,
102.7338,337.6323,8.668,
102.6089,339.8623,8.733,
102.6123,341.9032,8.803,
102.7017,344.2373,8.868,
102.7282,346.5975,8.933,
102.7499,348.8167,9,
102.8307,351.0415,9.067,
102.8245,353.2123,9.133,
102.8983,355.5215,9.2,
102.9333,357.8661,9.272,
102.9713,360.1208,9.339,
102.9892,362.4567,9.4,
102.9901,364.6869,9.467,
103.077,366.8918,9.534,
103.0628,369.3019,9.6,
103.0722,371.4325,9.678,
103.087,373.772,9.746,
103.1199,375.8152,9.8,
103.1849,378.0705,9.867,
103.2274,380.2599,9.933,
103.3033,382.3947,10,
103.2008,384.6418,10.082,
103.2411,386.9425,10.133,
103.2175,389.0936,10.201,
103.2871,391.4966,10.268,
103.2975,393.6884,10.333,
103.2675,396.0601,10.4,
103.2887,398.1313,10.467,
103.3365,400.3666,10.533,
103.3566,402.679,10.6,
103.3444,405.0004,10.667,
103.3171,407.1697,10.733,
103.3747,409.4157,10.804,
103.3916,411.6655,10.881,
103.4273,413.7855,10.933,
103.3966,416.1272,11,
103.3407,418.3356,11.067,
103.3865,420.5351,11.133,
103.4409,422.8053,11.208,
103.4421,425.0089,11.276,
103.4941,427.1528,11.333,
103.5121,429.4246,11.4,
103.511,431.5751,11.467,
103.4762,433.7992,11.533,
103.5186,436.1565,11.6,
103.6245,438.1634,11.666,
103.5577,440.4631,11.733,
103.544,442.807,11.8,
103.4931,444.9276,11.866,
103.5473,447.1251,11.933,
103.57,449.3392,12.006,
103.4916,451.5382,12.073,
103.513,453.7899,12.133,
103.4805,455.9538,12.201,
103.5414,458.0602,12.266,
103.5226,460.18,12.333,
103.4794,462.3786,12.4,
103.4257,464.6911,12.466,
103.4341,466.9316,12.533,
103.4869,469.1223,12.602,
103.4881,471.2276,12.666,
103.3709,473.455,12.733,
103.3596,475.655,12.8,
103.2548,477.9921,12.866,
103.2934,480.2047,12.933,
103.2555,482.3871,13.001,
103.158,484.6511,13.066,
103.0867,486.8361,13.133,
103.1262,489.0492,13.2,
103.0599,491.2077,13.276,
103.071,493.4757,13.333,
103.0355,495.8378,13.4,
102.9858,498.1879,13.466,
102.8547,500.3069,13.535,
102.905,502.3003,13.6,
102.8719,504.6703,13.668,
102.7929,506.9042,13.733,
102.7628,509.0392,13.8,
102.6879,511.2335,13.866,
102.7756,513.4374,13.939,
102.7011,515.7504,14,
102.7805,518.0404,14.073,
102.7464,520.2407,14.135,
102.7741,522.3426,14.2,
102.7736,524.6779,14.266,
102.7826,526.9606,14.346,
102.7331,528.998,14.399,
102.8004,531.0902,14.466,
102.8376,533.2988,14.533,
102.7478,535.5964,14.599,
102.7812,537.7792,14.666,
102.8896,539.8904,14.736,
102.8878,542.1197,14.8,
102.8992,544.2244,14.866,
102.9064,546.5922,14.948,
103.0321,548.7819,15.002,
102.9816,550.9996,15.066,
103.0215,553.1169,15.144,
103.0364,555.2543,15.2,
103.0112,557.5124,15.266,
102.9727,559.7021,15.333,
102.952,561.8072,15.4,
102.9709,564.0567,15.466,
102.9924,566.2907,15.533,
103.0306,568.4322,15.6,
103.0553,570.5535,15.669,
103.0244,572.7854,15.736,
103.0361,574.9197,15.8,
103.04,577.0617,15.866,
103.0245,579.2701,15.933,
103.035,581.4757,16,
103.0172,583.5898,16.073,
103.077,585.8327,16.142,
103.1086,588.107,16.2,
103.1141,590.2788,16.269,
103.1137,592.5456,16.334,
103.0875,594.7874,16.4,
103.1121,596.9733,16.466,
103.1719,599.2597,16.533,
103.1365,601.3888,16.6,
103.0416,603.6059,16.672,
103.0611,605.8702,16.733,
103.148,608.0097,16.8,
103.115,610.2385,16.885,
103.0923,612.6094,16.933,
103.1387,614.8573,17.002,
103.1566,617.2087,17.066,
103.3166,619.4895,17.133,
103.2666,621.737,17.2,
103.3553,624.1009,17.266,
103.2894,626.3189,17.333,
103.2334,628.5452,17.4,
103.1967,630.8762,17.471,
103.2546,633.2068,17.533,
103.2002,635.544,17.6,
103.2419,637.8008,17.669,
103.2754,640.0113,17.733,
103.2134,642.3001,17.8,
103.1927,644.5417,17.87,
103.1953,646.7817,17.933,
103.2537,649.0048,18,
103.1908,651.1625,18.07,
103.2383,653.444,18.133,
103.2044,655.8041,18.2,
103.2533,658.0592,18.266,
103.2634,660.3614,18.333,
103.2209,662.6928,18.4,
103.2179,664.9459,18.483,
103.2107,667.216,18.533,
103.2203,669.5554,18.602,
103.2473,671.9301,18.666,
103.163,674.1261,18.733,
103.2202,676.5077,18.811,
103.1301,678.9128,18.866,
103.117,681.106,18.933,
103.1262,683.6353,19.007,
103.0706,686.0653,19.066,
103.0908,688.3776,19.133,
103.1785,690.5344,19.199,
103.1854,692.9037,19.266,
103.1094,695.1736,19.333,
103.1555,697.4038,19.4,
103.1412,699.7403,19.48,
103.0329,702.0857,19.533,
103.0403,704.4261,19.6,
102.9874,706.7213,19.666,
102.9943,709.0739,19.733,
103.009,711.2862,19.807,
102.9313,713.5576,19.866,
102.9876,715.8171,19.941,
102.9529,717.9635,20.002,
102.904,720.4194,20.066,
102.8716,722.5456,20.133,
102.9098,724.7765,20.2,
102.9285,727.0921,20.266,
102.8423,729.38,20.333,
102.8144,731.6783,20.4,
102.8666,734.0609,20.466,
102.8002,736.2392,20.533,
102.8165,738.2817,20.6,
102.7541,740.5423,20.666,
102.7424,742.9491,20.733,
102.7591,745.1405,20.8,
102.7,747.3398,20.866,
102.6404,749.7381,20.933,
102.6803,751.9503,20.999,
102.6319,754.231,21.066,
102.5992,756.4526,21.133,
102.5253,758.8029,21.208,
102.4935,761.102,21.275,
102.4958,763.428,21.333,
102.5374,765.6826,21.4,
102.5472,768.1608,21.466,
102.565,770.2434,21.536,
102.6049,772.4883,21.6,
102.4891,774.9029,21.668,
102.554,777.1713,21.733,
102.5028,779.3774,21.799,
102.497,781.7127,21.866,
102.4767,784.0077,21.933,
102.5101,786.2392,22,
102.4837,788.5883,22.072,
102.4761,790.9768,22.133,
102.4093,793.2908,22.2,
102.5147,795.5091,22.266,
102.4972,797.9393,22.336,
102.4322,800.2272,22.402,
102.4285,802.5196,22.466,
102.4072,804.8144,22.533,
102.3967,807.1664,22.601,
102.3872,809.3632,22.678,
102.4,811.6729,22.747,
102.5182,814.0569,22.8,
102.4763,816.3432,22.866,
102.3846,818.6633,22.939,
102.4281,821.0714,23,
102.4656,823.3294,23.066,
102.4647,825.6731,23.135,
102.4614,828.1813,23.2,
102.4186,830.4704,23.266,
102.4743,832.7078,23.333,
102.4415,835.2072,23.4,
102.4936,837.4415,23.466,
102.4355,839.8522,23.54,
102.4857,842.159,23.6,
102.4289,844.4768,23.666,
102.3596,846.9424,23.734,
102.3834,849.3883,23.799,
102.442,851.5501,23.866,
102.3954,853.9183,23.945,
102.4363,856.3595,24.014,
102.4405,858.679,24.066,
102.3892,861.1134,24.133,
102.4077,863.4434,24.2,
102.4778,865.7991,24.266,
102.4989,868.0764,24.339,
102.5531,870.3596,24.4,
102.5607,872.7038,24.466,
102.5717,875.2016,24.533,
102.448,877.6949,24.6,
102.5139,879.978,24.666,
102.6989,882.2641,24.735,
102.6501,884.5497,24.8,
102.695,887.0676,24.866,
102.6876,889.4414,24.933,
102.6812,891.6631,25,
102.6588,894.1417,25.066,
102.7981,896.457,25.133,
102.7991,898.7213,25.201,
102.7509,901.1786,25.266,
102.8223,903.5541,25.333,
102.767,905.8308,25.4,
102.8525,908.3568,25.466,
102.8958,910.7005,25.533,
102.8689,913.0053,25.599,
102.9623,915.3311,25.666,
102.9482,917.5718,25.733,
102.969,920.0164,25.8,
102.9595,922.6047,25.866,
103.0612,924.8731,25.933,
103.1115,927.3093,26,
103.0481,929.6471,26.084,
103.0332,931.8939,26.143,
103.0777,934.399,26.2,
103.1353,936.6991,26.269,
103.1076,939.0044,26.338,
103.1118,941.3123,26.4,
103.1263,943.7633,26.466,
103.2363,946.1695,26.533,
103.1675,948.5767,26.6,
103.1419,950.9247,26.673,
103.154,953.3263,26.733,
103.275,955.7875,26.8,
103.1763,958.1404,26.882,
103.3256,960.507,26.933,
103.2721,962.9663,27.002,
103.1705,965.5198,27.07,
103.1958,967.7752,27.133,
103.2094,970.0954,27.2,
103.1815,972.4034,27.275,
103.2713,974.8043,27.333,
103.325,977.2231,27.4,
103.3136,979.45,27.466,
103.3915,981.9022,27.533,
103.3982,984.2407,27.6,
103.3952,986.3811,27.667,
103.4181,988.7333,27.733,
103.4873,991.2948,27.8,
103.4596,993.5312,27.869,
103.566,995.8707,27.933,
103.5141,998.1798,28,
103.5834,1000.6003,28.066,
103.5382,1002.8744,28.133,
103.6023,1005.4281,28.2,
103.5955,1007.5859,28.266,
103.656,1009.9735,28.333,
103.7412,1012.287,28.4,
103.6727,1014.5781,28.467,
103.9065,1017.3192,28.533,
103.9606,1019.764,28.599,
104.0155,1022.2538,28.666,
104.0146,1024.5215,28.733,
104.012,1026.8398,28.805,
104.122,1029.2073,28.874,
104.1008,1031.5815,28.933,
104.1227,1034.0901,28.999,
104.19,1036.3149,29.066,
104.1367,1038.6276,29.133,
104.2049,1041.1223,29.199,
104.1515,1043.5024,29.266,
104.2335,1045.809,29.333,
104.2366,1048.1443,29.399,
104.2671,1050.612,29.466,
104.2622,1052.9136,29.533,
104.2968,1055.4502,29.604,
104.3407,1057.7311,29.666,
104.3464,1060.1404,29.733,
104.3484,1062.4865,29.799,
104.3474,1064.9263,29.866,
104.3589,1067.3827,29.933,
104.3889,1069.777,30.01,
104.3675,1071.9468,30.078,
104.4207,1074.4898,30.133,
104.4793,1076.8592,30.208,
104.489,1079.2919,30.266,
104.5194,1081.5056,30.333,
104.5229,1083.8199,30.415,
104.531,1086.3605,30.475,
104.5876,1088.711,30.533,
104.5457,1091.0022,30.6,
104.5841,1093.3642,30.666,
104.607,1095.7144,30.733,
104.6588,1098.107,30.804,
104.5871,1100.4978,30.866,
104.5551,1102.9127,30.933,
104.5675,1105.3935,31,
104.5577,1107.7269,31.066,
104.4909,1110.2023,31.134,
104.5757,1112.625,31.199,
104.5455,1114.8746,31.266,
104.5707,1117.4234,31.333,
104.492,1119.7745,31.407,
104.5412,1122.2324,31.466,
104.4718,1124.6223,31.533,
104.446,1126.895,31.6,
104.4819,1129.3267,31.671,
104.4625,1131.8705,31.733,
104.414,1134.297,31.802,
104.4642,1136.6743,31.866,
104.48,1139.0706,31.933,
104.4278,1141.5074,32,
104.4163,1143.9505,32.066,
104.4437,1146.5406,32.133,
104.4599,1148.8675,32.199,
104.5435,1151.3081,32.266,
104.5076,1153.7426,32.335,
104.5975,1156.1497,32.4,
104.5309,1158.6538,32.466,
104.5535,1161.0887,32.533,
104.5687,1163.6047,32.603,
104.6212,1166.0915,32.666,
104.584,1168.4538,32.743,
104.6455,1170.8969,32.811,
104.6638,1173.192,32.866,
104.6603,1175.6463,32.933,
104.7172,1178.1218,32.999,
104.7551,1180.5165,33.066,
104.6627,1182.8788,33.137,
104.6879,1185.1888,33.205,
104.6893,1187.5324,33.266,
104.6716,1190.0493,33.347,
104.6763,1192.4162,33.416,
104.5786,1194.6533,33.466,
104.6228,1197.094,33.533,
104.6254,1199.5317,33.599,
104.5419,1201.9106,33.666,
104.5458,1204.3843,33.733,
104.5242,1206.773,33.799,
104.5603,1209.0786,33.866,
104.4666,1211.4739,33.933,
104.4769,1213.9867,33.999,
104.4384,1216.38,34.066,
104.4229,1218.735,34.146,
104.2991,1221.2312,34.214,
104.3213,1223.6933,34.266,
104.3615,1226.0821,34.333,
104.323,1228.5352,34.399,
104.2024,1230.8975,34.466,
104.2004,1233.3857,34.533,
104.199,1235.6759,34.599,
104.1254,1238.099,34.666,
103.9944,1240.6495,34.744,
104.0413,1242.9005,34.799,
103.9429,1245.2987,34.866,
103.8338,1247.6247,34.933,
103.8265,1250.1125,34.999,
103.695,1252.466,35.069,
103.5424,1254.7133,35.133,
103.5095,1257.2303,35.202,
103.4214,1259.669,35.266,
103.3341,1261.9454,35.333,
103.2767,1264.4073,35.399,
103.2292,1266.736,35.474,
103.0937,1269.0928,35.533,
102.9525,1271.5126,35.607,
102.8769,1273.8694,35.668,
102.7821,1276.3917,35.733,
102.7511,1278.6607,35.799,
102.5906,1281.1606,35.878,
102.5481,1283.4568,35.948,
102.4908,1285.7792,36.013,
102.384,1288.259,36.075,
102.3465,1290.6674,36.133,
102.302,1293.0438,36.199,
102.2874,1295.2784,36.27,
102.2521,1297.667,36.333,
102.2019,1299.9761,36.399,
102.1904,1302.4338,36.479,
102.1208,1304.758,36.547,
102.0316,1307.2197,36.599,
102.0545,1309.6405,36.673,
102.0532,1312.1241,36.733,
102.0169,1314.4179,36.799,
101.9795,1316.778,36.882,
101.9503,1319.2513,36.936,
101.9537,1321.5787,36.999,
101.9416,1324.0429,37.079,
101.9132,1326.4337,37.133,
101.8725,1328.5876,37.199,
101.8995,1331.0315,37.266,
101.878,1333.4548,37.333,
101.9845,1335.6311,37.399,
101.8816,1338.0983,37.466,
101.9465,1340.436,37.533,
101.9451,1342.7726,37.599,
101.8973,1345.1742,37.666,
102.0178,1347.4418,37.733,
102.0151,1349.6495,37.799,
102.072,1351.8778,37.881,
102.1259,1354.2724,37.935,
102.1308,1356.5254,37.999,
102.1431,1358.968,38.068,
102.2084,1361.1015,38.132,
102.2218,1363.5523,38.199,
102.2937,1365.6777,38.266,
102.3224,1368.1161,38.333,
102.4234,1370.4783,38.399,
102.3757,1372.7289,38.466,
102.478,1374.9958,38.533,
102.5721,1377.3604,38.599,
102.5977,1379.5555,38.666,
102.727,1381.7395,38.733,
102.7071,1383.9995,38.799,
102.8132,1386.2564,38.866,
102.8146,1388.7867,38.933,
102.9371,1390.8172,39.005,
102.9281,1392.9695,39.074,
103.0623,1395.4021,39.133,
103.1023,1397.5855,39.2,
103.2234,1399.8402,39.266,
103.2425,1402.1554,39.333,
103.3274,1404.4855,39.399,
103.3662,1406.6137,39.468,
103.5824,1408.6443,39.533,
103.5659,1411.0023,39.599,
103.7133,1413.2872,39.666,
103.7575,1415.4709,39.733,
103.8144,1417.6306,39.809,
103.9245,1419.9037,39.866,
104.0685,1422.0832,39.94,
104.1166,1424.321,39.999,
104.1796,1426.4915,40.073,
104.3461,1428.6681,40.133,
104.2806,1430.9149,40.199,
104.4473,1433.0821,40.266,
104.4988,1435.3973,40.333,
104.551,1437.5031,40.41,
104.6281,1439.6519,40.466,
104.7218,1441.934,40.542,
104.7322,1444.0431,40.599,
104.7873,1446.3202,40.676,
104.9065,1448.5283,40.744,
104.9398,1450.6309,40.81,
104.9938,1452.7116,40.866,
105.0326,1455.0158,40.933,
105.0497,1457.3352,40.999,
105.1689,1459.4782,41.066,
105.192,1461.6351,41.135,
105.2321,1463.738,41.2,
105.3018,1465.9634,41.266,
105.4392,1468.2726,41.333,
105.4223,1470.543,41.399,
105.3869,1472.8652,41.466,
105.3271,1475.0357,41.539,
105.3457,1477.3124,41.599,
105.3924,1479.447,41.666,
105.3583,1481.6775,41.735,
105.3276,1483.9148,41.799,
105.3389,1486.052,41.866,
105.3621,1488.2073,41.945,
105.2655,1490.5002,42.012,
105.2403,1492.4649,42.066,
105.2735,1494.5566,42.132,
105.2129,1496.9123,42.199,
105.2031,1499.1927,42.266,
105.157,1501.3953,42.333,
105.1203,1503.4057,42.399,
105.0349,1505.6295,42.466,
105.0752,1507.7514,42.533,
105.0766,1510.0182,42.599,
105.0459,1512.0349,42.666,
105.0485,1514.2525,42.745,
105.1331,1516.3859,42.799,
105.0672,1518.631,42.866,
105.0347,1520.7653,42.938,
105.034,1522.8709,42.999,
104.966,1525.0753,43.072,
104.9648,1527.2592,43.135,
105.0208,1529.3039,43.199,
104.9966,1531.4983,43.266,
105,1533.8073,43.335,
104.9449,1535.9586,43.399,
104.8741,1538.1709,43.466,
104.95,1540.2669,43.533,
104.9469,1542.2592,43.599,
104.9261,1544.417,43.666,
104.823,1546.525,43.732,
104.779,1548.7141,43.799,
104.8318,1550.6655,43.87,
104.7514,1552.9263,43.948,
104.7655,1555.0273,44,
104.7443,1557.2846,44.066,
104.8061,1559.3679,44.133,
104.7341,1561.4488,44.199,
104.6925,1563.5535,44.271,
104.7409,1565.8261,44.339,
104.6559,1567.9864,44.399,
104.6592,1570.0762,44.466,
104.5727,1572.2682,44.534,
104.6201,1574.3663,44.599,
104.5701,1576.5787,44.674,
104.5915,1578.7978,44.733,
104.5058,1581.05,44.799,
104.5073,1583.0602,44.869,
104.4757,1585.0973,44.938,
104.5697,1587.3596,44.999,
104.5172,1589.5278,45.066,
104.4893,1591.6867,45.133,
104.5139,1593.9165,45.199,
104.5586,1596.2612,45.275,
104.5372,1598.443,45.344,
104.5103,1600.7572,45.399,
104.4656,1603.0412,45.47,
104.4389,1605.2755,45.533,
104.4454,1607.4957,45.599,
104.4222,1609.611,45.666,
104.3789,1611.726,45.733,
104.449,1613.8066,45.799,
104.418,1616.0116,45.868,
104.3554,1618.2772,45.933,
104.2767,1620.448,45.999,
104.3298,1622.5594,46.066,
104.3606,1624.6504,46.133,
104.3729,1626.9181,46.199,
104.2996,1629.0161,46.266,
104.3498,1631.2357,46.333,
104.3217,1633.3931,46.4,
104.21,1635.5945,46.481,
104.2232,1637.5501,46.534,
104.1396,1639.8665,46.599,
104.1423,1641.9864,46.666,
104.1282,1643.9818,46.733,
104.0611,1646.2703,46.805,
104.0131,1648.2303,46.874,
104.033,1650.5914,46.933,
103.9299,1652.7221,47.002,
103.9245,1654.9047,47.066,
103.9044,1657.2028,47.133,
103.9003,1659.3557,47.21,
103.9743,1661.5454,47.266,
103.959,1663.679,47.343,
103.9807,1665.9563,47.404,
103.9014,1668.1088,47.466,
103.8858,1670.4613,47.538,
103.8864,1672.7417,47.615,
103.842,1675.0866,47.668,
103.8733,1677.3735,47.732,
103.7501,1679.5888,47.8,
103.7416,1681.7395,47.866,
103.7106,1683.9836,47.932,
103.6898,1686.283,47.999,
103.6324,1688.5334,48.066,
103.5983,1690.8588,48.133,
103.5546,1693.0205,48.219,
103.6412,1695.5186,48.266,
103.4725,1697.7738,48.336,
103.4716,1700,48.402,
103.4004,1702.4774,48.466,
103.3421,1704.8844,48.533,
103.3664,1706.9943,48.6,
103.3927,1709.472,48.666,
103.3229,1711.7136,48.733,
103.254,1713.9788,48.799,
103.2683,1716.3914,48.866,
103.3199,1718.7331,48.932,
103.2035,1720.9657,48.999,
103.2962,1723.3801,49.066,
103.1622,1725.7021,49.132,
103.1674,1728.0919,49.199,
103.1288,1730.5953,49.266,
103.1025,1732.6716,49.333,
103.1375,1735.2166,49.399,
102.9964,1737.5503,49.466,
103.0465,1739.9924,49.535,
102.9773,1742.2626,49.599,
103.0311,1744.7367,49.666,
103.0484,1747.0277,49.746,
102.9481,1749.5224,49.815,
102.9573,1751.8387,49.88,
102.9157,1754.261,49.942,
102.9169,1756.5612,50.01,
102.9612,1759,50.066,
102.992,1761.2701,50.136,
102.9529,1763.6976,50.199,
103.0005,1766.0085,50.266,
102.9508,1768.4192,50.344,
102.929,1770.9285,50.399,
102.9178,1773.0401,50.466,
103.0065,1775.4927,50.533,
102.9401,1777.8633,50.599,
102.9571,1780.3403,50.675,
102.9165,1782.6325,50.733,
102.9382,1784.9666,50.799,
102.9349,1787.4958,50.866,
102.9025,1789.8712,50.948,
103.1256,1791.6658,51.001,
102.9161,1794.467,51.066,
102.6572,1796.9805,51.133,
103.0894,1798.95,51.2,
102.9641,1801.3345,51.266,
102.8397,1804.0902,51.332,
102.8523,1806.2357,51.411,
102.8844,1808.4422,51.466,
102.7855,1811.121,51.533,
102.7887,1813.5597,51.599,
102.8241,1815.6942,51.667,
102.8602,1818.2978,51.732,
102.8184,1820.66,51.799,
102.8497,1822.8627,51.866,
102.7575,1825.3782,51.933,
102.8122,1827.6108,51.999,
102.7633,1829.9483,52.071,
102.7026,1832.4677,52.132,
102.7295,1834.7163,52.199,
102.7584,1837.1381,52.266,
102.7746,1839.5908,52.334,
102.7219,1841.8538,52.399,
102.6371,1844.3149,52.475,
102.6967,1846.6823,52.533,
102.7168,1848.9938,52.599,
102.7391,1851.2728,52.666,
102.8055,1853.7093,52.733,
102.7867,1855.9267,52.806,
102.7885,1858.3247,52.882,
102.814,1860.5654,52.932,
102.8976,1863.0408,53.001,
102.9682,1865.3516,53.081,
102.9436,1867.5037,53.133,
102.9242,1869.931,53.204,
102.875,1872.3005,53.279,
102.9416,1874.4887,53.332,
102.9796,1876.8048,53.399,
103.0241,1879.098,53.475,
103.0692,1881.5215,53.533,
103.1059,1883.7425,53.612,
103.1619,1885.9984,53.681,
103.2281,1888.2703,53.74,
103.3071,1890.5875,53.799,
103.3824,1892.7591,53.881,
103.37,1895.3021,53.935,
103.442,1897.5528,53.999,
103.6144,1899.7176,54.066,
103.5388,1902.1211,54.132,
103.5826,1904.3351,54.199,
103.6825,1906.7024,54.266,
103.7564,1908.8485,54.339,
103.8641,1911.2152,54.399,
103.8728,1913.4234,54.466,
103.9188,1915.7669,54.533,
104.0653,1917.9373,54.599,
104.1528,1920.3568,54.668,
104.2017,1922.5673,54.732,
104.2567,1924.9158,54.799,
104.3285,1927.162,54.866,
104.408,1929.3734,54.932,
104.4413,1931.5749,55.002,
104.5939,1933.7228,55.066,
104.6903,1935.999,55.137,
104.7062,1938.2135,55.199,
104.7057,1940.4064,55.267,
104.8677,1942.847,55.332,
104.8648,1944.8851,55.408,
104.9608,1947.3255,55.466,
105.0443,1949.4238,55.533,
105.044,1951.7136,55.602,
105.0889,1953.994,55.666,
105.2197,1956.305,55.732,
105.2807,1958.45,55.799,
105.364,1960.5334,55.866,
105.4901,1962.8683,55.932,
105.511,1965.1286,56.006,
105.6355,1967.4413,56.066,
105.6097,1969.6037,56.132,
105.6441,1971.9328,56.199,
105.6738,1974.1319,56.266,
105.7281,1976.4338,56.336,
105.786,1978.6479,56.413,
105.8571,1980.8466,56.482,
105.8033,1983.113,56.532,
105.886,1985.3006,56.599,
105.94,1987.5305,56.666,
106.0457,1989.7209,56.732,
106.0576,1991.9808,56.799,
106.1017,1994.1828,56.866,
106.0109,1996.4286,56.939,
106.123,1998.4625,56.999,
106.2031,2000.6249,57.066,
106.152,2002.8743,57.132,
106.3037,2005.0029,57.199,
106.3379,2007.283,57.266,
106.3211,2009.2712,57.332,
106.3847,2011.5161,57.404,
106.4622,2013.6865,57.466,
106.5264,2015.8215,57.532,
106.5576,2017.9334,57.602,
106.666,2019.9716,57.665,
106.7301,2022.2651,57.732,
106.7556,2024.5208,57.804,
106.7606,2026.4797,57.869,
106.832,2028.7587,57.94,
106.8901,2030.9434,58,
106.9938,2033.1527,58.066,
107.0313,2035.4422,58.133,
107.0759,2037.5495,58.199,
107.0803,2039.7511,58.266,
107.1093,2041.9798,58.332,
107.2015,2044.1312,58.399,
107.2577,2046.5019,58.466,
107.3386,2048.7407,58.54,
107.3596,2050.7168,58.607,
107.3751,2053.0342,58.666,
107.4462,2055.203,58.734,
107.4123,2057.3843,58.806,
107.4738,2059.6585,58.866,
107.5613,2061.8518,58.937,
107.5368,2064.161,59.011,
107.6273,2066.4565,59.072,
107.6365,2068.6292,59.14,
107.725,2070.7925,59.199,
107.6492,2073.1642,59.266,
107.736,2075.3189,59.349,
107.6834,2077.5902,59.399,
107.6818,2079.8203,59.468,
107.645,2082.1047,59.536,
107.673,2084.4453,59.6,
107.5813,2086.6989,59.677,
107.646,2088.8736,59.746,
107.6183,2091.0479,59.809,
107.6439,2093.1634,59.874,
107.5747,2095.4978,59.933,
107.5942,2097.4862,60.003,
107.5497,2099.8588,60.066,
107.5227,2102.1557,60.132,
107.4153,2104.3363,60.199,
107.3905,2106.6232,60.278,
107.3126,2108.7922,60.34,
107.2976,2110.9183,60.401,
107.4082,2113.1911,60.471,
107.3245,2115.3519,60.536,
107.2903,2117.5581,60.599,
107.2424,2119.6611,60.676,
107.2851,2121.8088,60.732,
107.2246,2123.9751,60.799,
107.2386,2126.1953,60.88,
107.1684,2128.2741,60.936,
107.0943,2130.5089,60.999,
107.1478,2132.5712,61.076,
107.0098,2134.9531,61.132,
106.9736,2137.1611,61.199,
106.9263,2139.2036,61.268,
106.8251,2141.3924,61.332,
106.8648,2143.571,61.4,
106.829,2145.7361,61.476,
106.8417,2148.055,61.532,
106.8077,2150.1643,61.599,
106.7553,2152.2858,61.665,
106.7168,2154.5232,61.732,
106.7344,2156.7367,61.799,
106.7768,2158.9145,61.867,
106.7994,2161.1165,61.932,
106.7289,2163.2943,61.999,
106.7402,2165.5447,62.084,
106.7919,2167.6709,62.132,
106.7987,2169.9752,62.199,
106.8098,2172.2318,62.269,
106.8077,2174.5182,62.333,
106.8044,2176.9323,62.399,
106.8563,2179.209,62.466,
106.9177,2181.4658,62.532,
106.8456,2183.8771,62.599,
106.8773,2186.1706,62.665,
106.8661,2188.3394,62.739,
106.8753,2190.7609,62.799,
106.877,2193.0452,62.869,
106.9804,2195.3643,62.933,
106.9337,2197.6629,63.01,
106.9436,2200.1231,63.082,
106.8404,2202.5136,63.145,
107.007,2204.8937,63.207,
106.9897,2207.2758,63.266,
106.9366,2209.7678,63.332,
106.9632,2212.0582,63.399,
107.0678,2214.3978,63.466,
107.1029,2216.7791,63.532,
107.1827,2219.2446,63.599,
107.1406,2221.5511,63.669,
107.1154,2223.9423,63.732,
107.2022,2226.475,63.8,
107.2922,2228.7585,63.866,
107.3913,2231.2485,63.932,
107.2764,2233.7133,63.999,
107.2727,2236.1753,64.066,
107.3899,2238.6861,64.132,
107.3469,2240.9538,64.203,
107.435,2243.6673,64.266,
107.4721,2245.8731,64.332,
107.434,2248.3226,64.399,
107.4831,2250.6858,64.466,
107.539,2253.0562,64.532,
107.6587,2255.539,64.6,
107.7248,2258.0023,64.666,
107.7381,2260.1825,64.732,
107.8201,2262.6973,64.799,
107.8423,2265.2616,64.866,
107.97,2267.5175,64.932,
107.9854,2269.8449,65.015,
108.049,2272.0513,65.068,
108.0023,2274.5342,65.132,
108.042,2276.9822,65.2,
108.1162,2279.2707,65.266,
108.2377,2281.6689,65.332,
108.3427,2284.0028,65.399,
108.4377,2286.3492,65.466,
108.4322,2288.6397,65.539,
108.4421,2291.0459,65.606,
108.5807,2293.2899,65.666,
108.6581,2295.7397,65.734,
108.6338,2298.1542,65.799,
108.6507,2300.4806,65.866,
108.7727,2302.7563,65.943,
108.8489,2305.0178,65.999,
108.9581,2307.533,66.066,
109.0296,2309.8283,66.151,
108.978,2312.3059,66.199,
108.9808,2314.5668,66.268,
109.0642,2316.7281,66.348,
109.1413,2319.1795,66.399,
109.2555,2321.5301,66.479,
109.2473,2323.8677,66.543,
109.2164,2326.1624,66.599,
109.2063,2328.5282,66.666,
109.3103,2330.918,66.739,
109.3737,2332.8903,66.799,
109.3639,2335.2528,66.866,
109.3548,2337.5248,66.948,
109.4211,2339.944,66.999,
109.4358,2342.1861,67.065,
109.4011,2344.6349,67.133,
109.3296,2347.0642,67.199,
109.3991,2349.235,67.266,
109.4465,2351.4372,67.338,
109.4214,2353.7311,67.399,
109.4408,2355.9915,67.466,
109.4218,2358.2012,67.532,
109.4836,2360.4672,67.599,
109.505,2362.7645,67.666,
109.4127,2365.0736,67.732,
109.3902,2367.5187,67.799,
109.446,2369.661,67.866,
109.4789,2371.9265,67.932,
109.4981,2374.283,67.999,
109.4901,2376.6378,68.074,
109.5425,2378.8296,68.146,
109.4639,2381.1237,68.205,
109.5235,2383.3661,68.268,
109.4886,2385.71,68.347,
109.5444,2387.9384,68.399,
109.599,2390.2451,68.481,
109.635,2392.611,68.532,
109.5846,2394.825,68.599,
109.5315,2397.1089,68.674,
109.5999,2399.4469,68.746,
109.6596,2401.6922,68.812,
109.6733,2403.9223,68.873,
109.7895,2406.2512,68.932,
109.8054,2408.6088,69.002,
109.7645,2410.8211,69.067,
109.6902,2413.2211,69.132,
109.8246,2415.3658,69.199,
109.7788,2417.6912,69.266,
109.7418,2419.8802,69.332,
109.8888,2422.1112,69.399,
109.9354,2424.453,69.479,
109.7831,2426.7385,69.546,
109.8907,2429.0792,69.611,
109.8693,2431.6224,69.673,
109.8765,2433.7514,69.732,
109.9184,2436.0954,69.799,
109.9235,2438.348,69.884,
109.9251,2440.6743,69.932,
110.001,2442.947,70.002,
110.1304,2445.2142,70.066,

